-- phpMyAdmin SQL Dump
-- version 5.0.2
-- https://www.phpmyadmin.net/
--
-- Host: localhost
-- Generation Time: Oct 29, 2021 at 06:33 AM
-- Server version: 10.4.13-MariaDB
-- PHP Version: 7.4.8

SET SQL_MODE = "NO_AUTO_VALUE_ON_ZERO";
START TRANSACTION;
SET time_zone = "+00:00";


/*!40101 SET @OLD_CHARACTER_SET_CLIENT=@@CHARACTER_SET_CLIENT */;
/*!40101 SET @OLD_CHARACTER_SET_RESULTS=@@CHARACTER_SET_RESULTS */;
/*!40101 SET @OLD_COLLATION_CONNECTION=@@COLLATION_CONNECTION */;
/*!40101 SET NAMES utf8mb4 */;

--
-- Database: `pessdb`
--

-- --------------------------------------------------------

--
-- Table structure for table `dispatch`
--

CREATE TABLE `dispatch` (
  `incidentId` int(11) NOT NULL,
  `patrolcarId` varchar(10) NOT NULL,
  `timeDispatched` datetime NOT NULL,
  `timeArrived` datetime DEFAULT NULL,
  `timeCompleted` datetime DEFAULT NULL
) ENGINE=MyISAM DEFAULT CHARSET=latin1;

--
-- Dumping data for table `dispatch`
--

INSERT INTO `dispatch` (`incidentId`, `patrolcarId`, `timeDispatched`, `timeArrived`, `timeCompleted`) VALUES
(12, 'QX1234A', '2021-10-22 22:47:30', '2021-10-22 22:56:22', '2021-10-22 22:57:03');

-- --------------------------------------------------------

--
-- Table structure for table `incident`
--

CREATE TABLE `incident` (
  `incidentId` int(11) NOT NULL,
  `callerName` varchar(30) NOT NULL,
  `phoneNumber` varchar(10) NOT NULL,
  `incidentTypeId` varchar(3) NOT NULL,
  `incidentLocation` varchar(50) NOT NULL,
  `incidentDesc` varchar(100) NOT NULL,
  `incidentStatusId` varchar(1) NOT NULL,
  `timeCalled` datetime NOT NULL DEFAULT current_timestamp()
) ENGINE=MyISAM DEFAULT CHARSET=latin1;

--
-- Dumping data for table `incident`
--

INSERT INTO `incident` (`incidentId`, `callerName`, `phoneNumber`, `incidentTypeId`, `incidentLocation`, `incidentDesc`, `incidentStatusId`, `timeCalled`) VALUES
(12, 'jane chen', '62320934', '010', 'HDB hub', 'fire broke out at shop', '2', '2021-10-22 22:47:30');

-- --------------------------------------------------------

--
-- Table structure for table `incidenttype`
--

CREATE TABLE `incidenttype` (
  `incidentTypeId` varchar(3) NOT NULL,
  `incidentTypeDesc` varchar(20) NOT NULL
) ENGINE=MyISAM DEFAULT CHARSET=latin1;

--
-- Dumping data for table `incidenttype`
--

INSERT INTO `incidenttype` (`incidentTypeId`, `incidentTypeDesc`) VALUES
('070', 'Loan shark'),
('010', 'Fire'),
('020', 'Riot'),
('030', 'Burglary'),
('040', 'Domestic Violent'),
('050', 'Fallen Tree'),
('060', 'Traffic accident'),
('999', 'Others');

-- --------------------------------------------------------

--
-- Table structure for table `incident_status`
--

CREATE TABLE `incident_status` (
  `statusId` varchar(1) NOT NULL,
  `statusDesc` varchar(20) NOT NULL
) ENGINE=MyISAM DEFAULT CHARSET=latin1;

--
-- Dumping data for table `incident_status`
--

INSERT INTO `incident_status` (`statusId`, `statusDesc`) VALUES
('1', 'Pending'),
('2', 'Dispatched'),
('3', 'Completed'),
('4', 'Duplicate');

-- --------------------------------------------------------

--
-- Table structure for table `patrolcar`
--

CREATE TABLE `patrolcar` (
  `patrolCarId` varchar(10) NOT NULL,
  `patrolCarStatusId` varchar(1) NOT NULL
) ENGINE=MyISAM DEFAULT CHARSET=latin1;

--
-- Dumping data for table `patrolcar`
--

INSERT INTO `patrolcar` (`patrolCarId`, `patrolCarStatusId`) VALUES
('QX1234A', '3'),
('QX3456B', '2'),
('QX1111J', '4'),
('QX2222K', '3'),
('QX5555D', '4'),
('QX2288D', '1'),
('QX8769P', '2'),
('QX1342G', '4'),
('QX8723W', '3'),
('QX8923T', '2');

-- --------------------------------------------------------

--
-- Table structure for table `patrolcar_status`
--

CREATE TABLE `patrolcar_status` (
  `statusId` varchar(1) NOT NULL,
  `statusDesc` varchar(20) NOT NULL
) ENGINE=MyISAM DEFAULT CHARSET=latin1;

--
-- Dumping data for table `patrolcar_status`
--

INSERT INTO `patrolcar_status` (`statusId`, `statusDesc`) VALUES
('1', 'Dispatched'),
('2', 'Patrol'),
('3', 'Free'),
('4', 'Arrived');

--
-- Indexes for dumped tables
--

--
-- Indexes for table `dispatch`
--
ALTER TABLE `dispatch`
  ADD PRIMARY KEY (`incidentId`,`patrolcarId`);

--
-- Indexes for table `incident`
--
ALTER TABLE `incident`
  ADD PRIMARY KEY (`incidentId`);

--
-- Indexes for table `incidenttype`
--
ALTER TABLE `incidenttype`
  ADD PRIMARY KEY (`incidentTypeId`);

--
-- Indexes for table `incident_status`
--
ALTER TABLE `incident_status`
  ADD PRIMARY KEY (`statusId`);

--
-- Indexes for table `patrolcar`
--
ALTER TABLE `patrolcar`
  ADD PRIMARY KEY (`patrolCarId`);

--
-- Indexes for table `patrolcar_status`
--
ALTER TABLE `patrolcar_status`
  ADD PRIMARY KEY (`statusId`);

--
-- AUTO_INCREMENT for dumped tables
--

--
-- AUTO_INCREMENT for table `incident`
--
ALTER TABLE `incident`
  MODIFY `incidentId` int(11) NOT NULL AUTO_INCREMENT, AUTO_INCREMENT=13;
COMMIT;

/*!40101 SET CHARACTER_SET_CLIENT=@OLD_CHARACTER_SET_CLIENT */;
/*!40101 SET CHARACTER_SET_RESULTS=@OLD_CHARACTER_SET_RESULTS */;
/*!40101 SET COLLATION_CONNECTION=@OLD_COLLATION_CONNECTION */;
